date,actual,predicted,residual
2024-03-13,65.62,58.77887050303325,6.841129496966758
2024-03-14,81.21,63.448547365165226,17.761452634834768
2024-03-15,88.8,61.04179906781172,27.758200932188274
2024-03-16,136.11,62.228574013991356,73.88142598600865
2024-03-17,108.1,70.88354615523323,37.21645384476676
2024-03-18,82.11,70.49027196024223,11.619728039757774
2024-03-19,81.8,69.12005291261673,12.679947087383269
2024-03-20,94.37,94.96767952995437,-0.5976795299543625
2024-03-21,93.02,88.59171835528613,4.428281644713863
2024-03-22,83.81,94.93397531404595,-11.12397531404595
2024-03-23,68.2,91.3145221341623,-23.1145221341623
2024-03-24,74.56,90.76371531854474,-16.203715318544738
2024-03-25,70.45,88.24543689029039,-17.79543689029039
2024-03-26,98.41,115.4646060604293,-17.054606060429307
2024-03-27,82.81,78.86695963627612,3.943040363723881
2024-03-28,81.63,63.83499408391226,17.79500591608774
2024-03-29,55.38,50.49354719430436,4.88645280569564
2024-03-30,74.54,70.01109264453734,4.528907355462664
2024-03-31,97.29,73.16221202678548,24.127787973214524
2024-04-01,67.26,70.19262776429403,-2.9326277642940255
2024-04-02,66.6,56.708960433226125,9.89103956677387
2024-04-03,76.92,57.96402974278621,18.955970257213792
2024-04-04,129.98,41.987810190446,87.99218980955399
2024-04-05,79.64,95.20268869680244,-15.56268869680244
2024-04-06,80.33,71.99708458745322,8.332915412546782
2024-04-07,125.24,60.6387868022917,64.60121319770829
2024-04-08,111.56,100.69569326938858,10.864306730611418
2024-04-09,117.36,80.81830338821676,36.54169661178324
2024-04-10,71.35,86.31963590535398,-14.969635905353982
2024-04-11,47.93,80.48993423952871,-32.55993423952871
2024-04-12,91.4,89.54523860901955,1.8547613909804568
2024-04-13,110.81,97.98028752081667,12.829712479183328
2024-04-14,111.72,113.51364805128019,-1.7936480512801865
2024-04-15,69.16,73.85970903868082,-4.6997090386808225
2024-04-16,90.05,70.27142796930173,19.77857203069827
2024-04-17,74.17,94.5240373354915,-20.354037335491498
2024-04-18,51.68,100.95137360551111,-49.27137360551111
2024-04-19,41.15,73.92012476266373,-32.770124762663734
2024-04-20,93.78,49.80017514685313,43.97982485314687
2024-04-21,106.91,74.09602842531066,32.81397157468933
2024-04-22,88.55,64.45017649165051,24.099823508349488
2024-04-23,73.65,60.0431579130297,13.606842086970303
2024-04-24,82.34,50.60441655783183,31.73558344216817
2024-04-25,64.9,70.58679160829433,-5.686791608294328
2024-04-26,94.34,78.34547747644248,15.99452252355752
2024-04-27,75.9,64.66419382313197,11.235806176868039
2024-04-28,77.86,62.49771901978884,15.36228098021116
2024-04-29,94.57,60.551438493804596,34.0185615061954
2024-04-30,127.5,43.532326543812296,83.9676734561877
2024-05-01,122.0,56.98103582633259,65.01896417366741
2024-05-02,153.83,55.32608089328869,98.50391910671132
2024-05-03,121.52,49.8125581412083,71.7074418587917
2024-05-04,157.49,73.82727882235606,83.66272117764395
2024-05-05,103.65,82.4417841665084,21.208215833491607
2024-05-06,86.88,108.72575989301556,-21.84575989301557
2024-05-07,115.57,115.81089754738636,-0.2408975473863677
2024-05-08,118.86,133.65910292992484,-14.799102929924842
2024-05-09,95.0,116.80370859605094,-21.80370859605094
2024-05-10,114.96,135.1007009328228,-20.14070093282281
2024-05-11,134.94,108.35280054206437,26.587199457935625
2024-05-12,156.45,119.3154526225459,37.13454737745408
2024-05-13,126.34,98.17300830040065,28.16699169959935
2024-05-14,108.1,100.6346267345215,7.46537326547849
2024-05-15,133.35,86.48988571920933,46.86011428079067
2024-05-16,114.26,105.95292973742237,8.30707026257764
2024-05-17,158.03,112.24240270134824,45.78759729865176
2024-05-18,125.18,109.05004983502931,16.129950164970694
2024-05-19,95.22,123.54809334798827,-28.328093347988272
2024-05-20,75.15,100.26320068620893,-25.113200686208927
2024-05-21,75.25,109.76015965910341,-34.51015965910341
2024-05-22,84.83,101.3581209722574,-16.528120972257398
2024-05-23,91.93,93.75480758072673,-1.824807580726727
2024-05-24,120.85,92.48374474922925,28.36625525077075
2024-05-25,127.62,84.29333110175618,43.326668898243824
2024-05-26,103.57,80.8059927454056,22.76400725459439
2024-05-27,81.19,78.21828830330915,2.9717116966908463
2024-05-28,97.29,88.88048549864492,8.40951450135509
2024-05-29,138.23,107.3704128144735,30.859587185526493
2024-05-30,59.75,101.7397628154029,-41.9897628154029
2024-05-31,72.46,86.924092461339,-14.464092461339007
2024-06-01,100.2,85.7011211077537,14.498878892246296
2024-06-02,174.68,107.557036609696,67.12296339030401
2024-06-03,95.89,98.7629692123904,-2.8729692123904016
2024-06-04,79.87,84.67163927726067,-4.801639277260662
2024-06-05,63.06,80.53155623970105,-17.471556239701044
2024-06-06,60.8,107.69359846400977,-46.89359846400977
2024-06-07,59.48,92.43828385941804,-32.95828385941804
2024-06-08,116.26,109.19949727885704,7.060502721142967
2024-06-09,84.83,46.39923863238911,38.43076136761089
2024-06-10,88.39,58.338588761325774,30.051411238674227
2024-06-11,119.33,54.63519220360967,64.69480779639034
2024-06-12,75.45,84.3114177389229,-8.861417738922896
2024-06-13,78.72,40.3221288361514,38.3978711638486
2024-06-14,73.52,53.49090065119494,20.029099348805055
2024-06-15,119.43,83.04138509862128,36.38861490137873
2024-06-16,136.96,62.32354557815924,74.63645442184077
2024-06-17,54.47,65.11355734186044,-10.643557341860443
2024-06-18,75.64,65.5326683037592,10.107331696240806
2024-06-19,84.39,77.84617058063192,6.54382941936808
2024-06-20,76.36,108.50212931264508,-32.14212931264508
2024-06-21,62.69,74.26600282150041,-11.57600282150041
2024-06-22,83.78,52.77464454977182,31.00535545022818
2024-06-23,60.63,51.84364195195101,8.786358048048996
2024-06-24,45.35,55.92593267229569,-10.575932672295686
2024-06-25,203.38,79.7729859939997,123.6070140060003
2024-06-26,1000.0,78.10391653652285,921.8960834634771
2024-06-27,58.0,60.54975435871717,-2.5497543587171734
2024-06-28,55.0,65.07261434269763,-10.072614342697634
2024-06-29,37.15,73.19705140488362,-36.047051404883625
2024-06-30,31.87,172.39467581493392,-140.52467581493391
2024-07-01,39.3,180.29266336231697,-140.992663362317
2024-07-02,22.78,181.2912564366639,-158.5112564366639
2024-07-03,14.74,118.80166257194057,-104.06166257194057
2024-07-04,11.53,132.41633349605382,-120.88633349605382
2024-07-05,14.12,120.22829493290592,-106.10829493290592
2024-07-06,50.66,103.95826312738983,-53.29826312738983
2024-07-07,62.21,33.33236099258151,28.877639007418487
2024-07-08,34.43,36.65624385836112,-2.226243858361123
2024-07-09,24.39,32.067939288051335,-7.677939288051334
2024-07-10,27.19,30.645581422191285,-3.4555814221912833
2024-07-11,33.96,43.90482531452699,-9.944825314526987
2024-07-12,22.2,47.81318786108784,-25.61318786108784
2024-07-13,29.96,60.049981027502504,-30.089981027502503
2024-07-14,21.48,35.8820405493095,-14.4020405493095
2024-07-15,23.33,37.845099810813835,-14.515099810813837
2024-07-16,31.92,29.33530560846554,2.5846943915344625
2024-07-17,29.1,31.71033767394699,-2.61033767394699
2024-07-18,26.59,30.42130841188757,-3.8313084118875693
2024-07-19,18.62,36.07942836224433,-17.459428362244328
2024-07-20,27.54,36.86376267153585,-9.323762671535853
2024-07-21,23.78,30.52540953680981,-6.7454095368098095
2024-07-22,25.12,43.49576627085276,-18.37576627085276
2024-07-23,29.09,35.954901738383455,-6.864901738383455
2024-07-24,26.31,42.431473700724325,-16.121473700724327
2024-07-25,20.81,40.991614492547676,-20.181614492547677
2024-07-26,24.23,35.27726699316464,-11.047266993164637
2024-07-27,26.71,36.06948953711731,-9.359489537117312
2024-07-28,23.45,37.57548358628472,-14.12548358628472
2024-07-29,10.9,41.337484833147336,-30.437484833147337
2024-07-30,20.71,40.31570787482054,-19.60570787482054
2024-07-31,18.74,37.97840593946128,-19.238405939461284
2024-08-01,14.39,39.21313584942549,-24.82313584942549
2024-08-02,13.15,33.31327959733666,-20.16327959733666
2024-08-03,15.28,37.94052529791023,-22.660525297910226
2024-08-04,11.7,36.00039097922211,-24.30039097922211
2024-08-05,14.64,34.78081706494715,-20.14081706494715
2024-08-06,13.89,33.16908006974001,-19.27908006974001
2024-08-07,17.06,34.9982023655933,-17.938202365593302
2024-08-08,9.61,38.44366960948278,-28.833669609482783
2024-08-09,13.45,37.29841654762083,-23.848416547620833
2024-08-10,14.49,35.966218784865454,-21.476218784865452
2024-08-11,24.66,36.471325993468135,-11.811325993468134
2024-08-12,15.97,36.945425245901376,-20.975425245901377
2024-08-13,15.37,36.11274962636531,-20.74274962636531
2024-08-14,13.74,37.343280923066125,-23.603280923066123
2024-08-15,0.05,36.0113236070339,-35.961323607033904
2024-08-16,0.05,36.639174767790884,-36.58917476779089
2024-08-17,20.47,37.95331667425164,-17.48331667425164
2024-08-18,10.62,36.20508701489138,-25.585087014891386
2024-08-19,22.3,38.38246786576961,-16.082467865769612
2024-08-20,13.71,36.091489131594905,-22.381489131594904
2024-08-21,22.21,40.103341713436926,-17.893341713436925
2024-08-22,15.18,40.008293510452475,-24.828293510452475
2024-08-23,18.7,39.133527003251416,-20.433527003251417
2024-08-24,13.17,39.20696811643143,-26.03696811643143
2024-08-25,12.69,39.000307786512536,-26.31030778651254
2024-08-26,17.9,39.23551927253444,-21.33551927253444
2024-08-27,34.21,39.936293000567424,-5.7262930005674235
2024-08-28,20.83,40.14935954969115,-19.31935954969115
2024-08-29,19.86,38.818619550247,-18.958619550247
2024-08-30,20.73,39.437038637143935,-18.707038637143935
2024-08-31,24.91,33.34009109821288,-8.43009109821288
2024-09-01,13.79,34.7381067623952,-20.9481067623952
2024-09-02,20.25,36.72811453836657,-16.47811453836657
2024-09-03,20.73,33.33596016048018,-12.605960160480176
2024-09-04,14.57,36.1613637314819,-21.5913637314819
2024-09-05,20.18,36.07315053983607,-15.893150539836071
2024-09-06,25.25,30.599989102659702,-5.349989102659702
2024-09-07,23.61,34.91691377263816,-11.306913772638161
2024-09-08,18.22,30.38433480116275,-12.164334801162752
2024-09-09,10.48,32.17637391325938,-21.696373913259382
2024-09-10,9.05,30.6586601706169,-21.6086601706169
2024-09-11,18.02,32.138679234472825,-14.118679234472825
2024-09-12,22.27,35.22101853738508,-12.951018537385078
2024-09-13,32.06,30.705960415686338,1.3540395843136643
2024-09-14,41.81,29.64323521953344,12.166764780466561
2024-09-15,23.14,30.654743426199747,-7.514743426199747
2024-09-16,22.65,34.16978503921655,-11.51978503921655
2024-09-17,22.15,31.474583311849994,-9.324583311849995
2024-09-18,28.07,30.828773761484307,-2.7587737614843064
2024-09-19,32.31,30.530856262541917,1.7791437374580852
2024-09-20,48.77,27.732249413882762,21.03775058611724
2024-09-21,73.68,30.228173624146873,43.45182637585313
2024-09-22,56.54,32.75541496584278,23.784585034157217
2024-09-23,21.46,30.23646205678891,-8.776462056788908
2024-09-24,16.78,41.26401929149933,-24.48401929149933
2024-09-25,17.22,48.727545935855254,-31.507545935855255
2024-09-26,21.07,49.79313598497119,-28.723135984971186
2024-09-27,36.45,43.397766220001635,-6.947766220001633
2024-09-28,43.28,32.42206628756826,10.857933712431738
2024-09-29,46.89,31.386378275027703,15.503621724972298
2024-09-30,42.74,35.78069535656627,6.9593046434337325
2024-10-01,49.71,45.96847910154957,3.741520898450432
2024-10-02,31.53,39.29376803149405,-7.763768031494045
2024-10-03,35.06,43.00682497997001,-7.94682497997001
2024-10-04,32.6,47.57897453676077,-14.978974536760767
2024-10-05,45.7,47.45560870990925,-1.7556087099092466
2024-10-06,38.47,52.43891192262862,-13.968911922628621
2024-10-07,38.41,39.63830526841733,-1.22830526841733
2024-10-08,37.67,38.33146340031291,-0.6614634003129112
2024-10-09,43.78,45.48864245407102,-1.7086424540710183
2024-10-10,63.38,48.97094635271556,14.409053647284445
2024-10-11,41.42,50.77734059600205,-9.357340596002047
2024-10-12,62.29,54.80897216998107,7.481027830018931
2024-10-13,64.87,57.44641760787122,7.423582392128786
2024-10-14,84.94,50.665385824912605,34.27461417508739
2024-10-15,94.63,53.0826717567577,41.5473282432423
2024-10-16,80.8,49.67296314983461,31.12703685016539
2024-10-17,82.89,63.04870130344005,19.841298696559953
2024-10-18,80.43,77.59832763280522,2.831672367194784
2024-10-19,97.62,92.45813503399152,5.16186496600848
2024-10-20,101.62,79.9559503015347,21.664049698465305
2024-10-21,70.34,90.35237578398566,-20.01237578398566
2024-10-22,66.3,75.80159049453991,-9.501590494539911
2024-10-23,97.53,91.50463213439409,6.025367865605915
2024-10-24,117.78,109.7368928545833,8.043107145416698
2024-10-25,85.48,91.44661744284139,-5.9666174428413825
2024-10-26,86.22,103.71151046828017,-17.49151046828017
2024-10-27,117.66,95.81308700380734,21.846912996192657
2024-10-28,115.05,122.78867411456605,-7.738674114566052
2024-10-29,126.23,94.02754762967682,32.202452370323186
2024-10-30,106.27,90.20292480747172,16.06707519252828
2024-10-31,104.28,102.36160080326,1.9183991967399976
2024-11-01,138.9,136.270484060885,2.6295159391150094
2024-11-02,181.54,149.58964736046687,31.950352639533122
2024-11-03,130.42,116.96503157389088,13.454968426109104
2024-11-04,152.0,109.23205943667047,42.76794056332953
2024-11-05,140.67,173.47886795007616,-32.80886795007618
2024-11-06,120.56,140.99500490045224,-20.435004900452242
2024-11-07,109.99,132.79787268670722,-22.807872686707228
2024-11-08,152.22,137.77710792284694,14.442892077153061
2024-11-09,120.36,128.74248547864588,-8.382485478645876
2024-11-10,138.22,133.0506227243446,5.169377275655393
2024-11-11,150.16,121.7316381865161,28.428361813483903
2024-11-12,160.88,130.1826273854416,30.69737261455839
2024-11-13,191.22,105.25457404098209,85.9654259590179
2024-11-14,182.69,123.94296853834115,58.74703146165885
2024-11-15,306.91,113.94622892727784,192.96377107272218
2024-11-16,169.27,117.13510278531753,52.13489721468248
2024-11-17,138.63,116.1082448509295,22.5217551490705
2024-11-18,119.66,127.27608950374547,-7.616089503745471
2024-11-19,148.33,103.68987323434771,44.6401267656523
2024-11-20,127.97,98.7974977213625,29.172502278637495
2024-11-21,92.24,98.06172471538152,-5.821724715381521
2024-11-22,132.24,108.24073164581911,23.9992683541809
2024-11-23,93.03,127.39892595675117,-34.36892595675117
2024-11-24,81.01,103.58904368955407,-22.57904368955407
2024-11-25,98.24,102.75335857831908,-4.513358578319085
2024-11-26,128.93,118.56822289935342,10.361777100646592
2024-11-27,118.79,87.05964417088414,31.730355829115865
2024-11-28,74.84,95.86012055458617,-21.02012055458617
2024-11-29,77.27,80.76160737304943,-3.4916073730494332
2024-11-30,72.05,96.31284743221534,-24.262847432215338
2024-12-01,45.29,101.54161752973882,-56.251617529738816
2024-12-02,49.4,91.80476361715999,-42.40476361715999
2024-12-03,55.49,79.08755515295003,-23.59755515295003
2024-12-04,61.06,95.66617169117269,-34.60617169117269
2024-12-05,100.48,94.26800210877795,6.211997891222055
2024-12-06,48.64,78.04963316710446,-29.40963316710446
2024-12-07,60.03,74.5932253911721,-14.563225391172097
2024-12-08,56.3,92.35227975719332,-36.05227975719332
2024-12-09,77.01,93.4463948943946,-16.436394894394596
2024-12-10,60.57,78.98024814707448,-18.410248147074476
2024-12-11,74.03,95.13108338968402,-21.10108338968402
2024-12-12,105.21,86.650411878063,18.559588121936997
2024-12-13,161.17,98.71507751179563,62.45492248820436
2024-12-14,168.01,96.54944685180972,71.46055314819027
2024-12-15,167.79,65.6870688339453,102.10293116605469
2024-12-16,136.81,88.8962895566712,47.913710443328796
2024-12-17,125.73,141.7996380496602,-16.069638049660185
2024-12-18,96.36,143.8760194577816,-47.51601945778161
2024-12-19,135.05,142.43848172193103,-7.388481721931015
2024-12-20,136.27,150.56641377696835,-14.296413776968336
2024-12-21,88.98,130.66077188373478,-41.68077188373478
2024-12-22,86.53,125.96754599917136,-39.43754599917136
2024-12-23,86.75,129.4274185196978,-42.677418519697795
2024-12-24,58.43,126.72688726062361,-68.2968872606236
2024-12-25,33.83,110.83223014255299,-77.00223014255299
2024-12-26,31.21,99.41773232939003,-68.20773232939004
2024-12-27,38.01,96.70628961063929,-58.69628961063929
2024-12-28,80.42,94.90957721238034,-14.48957721238034
